UUID,요청 UUID,이벤트 타입,사용자명,타임스탬프,IP 주소,리소스,액션,상태,상세 정보,에러 메시지
57ed535f-2874-4c02-951c-3854968775a8,5688d99d-f86b-4d3c-962b-1e82928fc1ab,AUTHENTICATION,herotic,2026-02-11 15:49:02,127.0.***.1,,로그인,SUCCESS,"{""method"":""authenticate"",""executionTimeMs"":246,""tenantId"":""apipt-glab""}",
91689fd8-f3d8-42a9-bf06-548f12b2573a,26dc337f-edf0-4f56-bd4a-1a59959e8c43,AUTHENTICATION,herotic,2026-02-11 15:48:54,127.0.***.1,,로그아웃,SUCCESS,"{""method"":""logout"",""executionTimeMs"":23,""tenantId"":""apipt-glab""}",
2d48a245-4993-4d0e-9f4d-44606a2b0190,7aabb1ca-4194-4907-8135-8730a9370e29,USER_MANAGEMENT,admin,2026-02-11 15:48:46,127.0.***.1,/pages/user/edit/97186ebd-f16e-4742-b2f9-77de9c94bf19,유저 설정 수정,SUCCESS,"{""result"":{""headers"":{},""body"":{""uuid"":""97186ebd-f16e-4742-b2f9-77de9c94bf19"",""userName"":""herotic"",""fullName"":""박현준"",""email"":""herotic@genesis.co.kr"",""role"":""MANAGER"",""status"":null,""organizationUuid"":null,""tokens"":null},""statusCode"":""OK"",""statusCodeValue"":200},""method"":""updateUser"",""executionTimeMs"":69,""tenantId"":""apipt-glab"",""arguments"":[""apipt-glab"",{""beforeData"":{""uuid"":""97186ebd-f16e-4742-b2f9-77de9c94bf19"",""userName"":""herotic"",""fullName"":""박현준"",""email"":""herotic@genesis.co.kr"",""role"":""PRODUCER"",""status"":""ACTIVE"",""organizationUuid"":""43fb4f0e-96c7-42c9-b07f-8e84f10c1528"",""tokens"":null},""requestData"":{""uuid"":""97186ebd-f16e-4742-b2f9-77de9c94bf19"",""userName"":""herotic"",""fullName"":""박현준"",""email"":""herotic@genesis.co.kr"",""role"":""MANAGER"",""organizationUuid"":null,""status"":""ACTIVE""}}]}",
a4beed66-bb3f-426b-a50d-bcf3b1f3c07c,6950f4ae-a188-4bac-9e7b-f3d9279bc933,AUTHENTICATION,herotic,2026-02-11 15:47:40,127.0.***.1,,로그인,SUCCESS,"{""method"":""authenticate"",""executionTimeMs"":267,""tenantId"":""apipt-glab""}",
5d1e6a9d-c2f8-4ab5-849a-e8d3b1c94b41,bf14b136-1001-4f31-ae31-f925576b50d4,AUTHENTICATION,herotic,2026-02-11 15:47:08,127.0.***.1,,로그인,FAILURE,"{""method"":""authenticate"",""executionTimeMs"":124,""tenantId"":""apipt-glab""}","403 FORBIDDEN ""접속자 (herotic) 의 IP 주소 (127.0.0.1) 접근이 거부 되었습니다."""
b2d89731-95f3-4cf3-bceb-979ae7223036,c564d3c0-df02-485e-a0d9-b92bb4927437,AUTHENTICATION,herotic,2026-02-11 15:47:00,127.0.***.1,,로그아웃,SUCCESS,"{""method"":""logout"",""executionTimeMs"":17,""tenantId"":""apipt-glab""}",
d4a64acd-cc52-4733-8099-bf97f1f6d138,79c458bb-93ad-4323-a4d8-797426f10b1d,AUTHENTICATION,herotic,2026-02-11 15:42:51,127.0.***.1,,로그인,SUCCESS,"{""method"":""authenticate"",""executionTimeMs"":243,""tenantId"":""apipt-glab""}",
0bad754f-0177-4c81-836b-f2fe40a5baf1,7144c94d-10c4-4bef-9e6d-99fc7ad02171,AUTHENTICATION,herotic,2026-02-11 15:41:20,127.0.***.1,,로그인,FAILURE,"{""method"":""authenticate"",""executionTimeMs"":221,""tenantId"":""apipt-glab""}","401 UNAUTHORIZED ""RESET_PASSWORD"""
6556127e-3dcc-4df3-ad6e-6d0812f9c3f2,3ca4bf18-8291-4cf3-90e2-3021aa6d7984,USER_MANAGEMENT,admin,2026-02-11 15:40:05,127.0.***.1,/pages/user/edit/97186ebd-f16e-4742-b2f9-77de9c94bf19,유저 생성,SUCCESS,"{""result"":{""headers"":{},""body"":{""uuid"":""97186ebd-f16e-4742-b2f9-77de9c94bf19"",""userName"":""herotic"",""fullName"":""박현준"",""email"":""herotic@genesis.co.kr"",""role"":""PRODUCER"",""status"":""RESET_PASSWORD"",""organizationUuid"":""43fb4f0e-96c7-42c9-b07f-8e84f10c1528"",""tokens"":null},""statusCode"":""OK"",""statusCodeValue"":200},""method"":""createUser"",""executionTimeMs"":163,""tenantId"":""apipt-glab"",""arguments"":[""apipt-glab"",{""userName"":""herotic"",""password"":""0269f88823344a69ec4f1d276ceba8f7:d+bNAc0YikFWyVX7LaeQSQ=="",""fullName"":""박현준"",""email"":""herotic@genesis.co.kr"",""role"":""PRODUCER"",""organizationUuid"":""43fb4f0e-96c7-42c9-b07f-8e84f10c1528""}]}",
fdaea10f-83cb-4fc3-a859-975c069e8c25,d3462845-551e-466f-9265-8ac7a725c7fb,USER_MANAGEMENT,admin,2026-02-11 15:36:17,127.0.***.1,,유저 삭제,SUCCESS,"{""result"":{""headers"":{},""body"":{""uuid"":""bdf8e9b3-6f9c-4cf2-b256-3e53da888a84"",""userName"":""herotic"",""fullName"":""herotic"",""email"":""herotic@genesis.co.kr"",""role"":""PRODUCER"",""status"":""ACTIVE"",""organizationUuid"":""43fb4f0e-96c7-42c9-b07f-8e84f10c1528"",""tokens"":null},""statusCode"":""OK"",""statusCodeValue"":200},""method"":""deleteUser"",""executionTimeMs"":117,""tenantId"":""apipt-glab"",""arguments"":[""apipt-glab"",""bdf8e9b3-6f9c-4cf2-b256-3e53da888a84""]}",
09a4666d-3ef9-46b2-bbd7-c11c2b210718,c225d5eb-57f5-46e4-b9b8-3cd434de0c58,USER_MANAGEMENT,admin,2026-02-11 15:34:38,127.0.***.1,/pages/user/edit/bdf8e9b3-6f9c-4cf2-b256-3e53da888a84,유저 설정 수정,SUCCESS,"{""result"":{""headers"":{},""body"":{""uuid"":""bdf8e9b3-6f9c-4cf2-b256-3e53da888a84"",""userName"":""herotic"",""fullName"":""herotic"",""email"":""herotic@genesis.co.kr"",""role"":""PRODUCER"",""status"":null,""organizationUuid"":""43fb4f0e-96c7-42c9-b07f-8e84f10c1528"",""tokens"":null},""statusCode"":""OK"",""statusCodeValue"":200},""method"":""updateUser"",""executionTimeMs"":72,""tenantId"":""apipt-glab"",""arguments"":[""apipt-glab"",{""beforeData"":{""uuid"":""bdf8e9b3-6f9c-4cf2-b256-3e53da888a84"",""userName"":""herotic"",""fullName"":""herotic"",""email"":""herotic@genesis.co.kr"",""role"":""CONSUMER"",""status"":""ACTIVE"",""organizationUuid"":""054dead9-ffcc-40aa-8914-7c8ff8adb391"",""tokens"":null},""requestData"":{""uuid"":""bdf8e9b3-6f9c-4cf2-b256-3e53da888a84"",""userName"":""herotic"",""fullName"":""herotic"",""email"":""herotic@genesis.co.kr"",""role"":""PRODUCER"",""organizationUuid"":""43fb4f0e-96c7-42c9-b07f-8e84f10c1528"",""status"":""ACTIVE""}}]}",
6e5a322d-7d95-4770-91c1-69caead6dbc5,6b26475d-026e-40d5-8d11-f256cc5db45c,API_UNDEPLOY,admin,2026-02-11 15:01:31,127.0.***.1,/pages/apis/detail/a9016d3d-adcc-4485-8a50-6f503292272a,API 배포취소,SUCCESS,"{""result"":{""apiUuid"":""a9016d3d-adcc-4485-8a50-6f503292272a"",""apiName"":""API-A"",""apiUrl"":null,""apiStatus"":null,""proxyUuid"":""a7f0d4fa-bc30-4d45-aa5d-b1b7cbf5a5a6"",""proxyName"":null,""deployStatus"":""UNDEPLOYED"",""lastTimeDeployed"":1770789690364},""method"":""deleteApiWithProxies"",""executionTimeMs"":233,""tenantId"":""apipt-glab"",""arguments"":[""apipt-glab"",""a9016d3d-adcc-4485-8a50-6f503292272a"",""a7f0d4fa-bc30-4d45-aa5d-b1b7cbf5a5a6""]}",
20e431b7-0bba-4584-b0fd-357c4402712a,9e089fd0-71c1-4911-bccc-d6ec9a884788,API_DEPLOY,admin,2026-02-11 15:01:29,127.0.***.1,/pages/apis/detail/a9016d3d-adcc-4485-8a50-6f503292272a,API 배포,SUCCESS,"{""result"":{""apiUuid"":""a9016d3d-adcc-4485-8a50-6f503292272a"",""apiName"":""API-A"",""apiUrl"":null,""apiStatus"":null,""proxyUuid"":""a7f0d4fa-bc30-4d45-aa5d-b1b7cbf5a5a6"",""proxyName"":null,""deployStatus"":""DEPLOYED"",""lastTimeDeployed"":1770789688125},""method"":""createApiWithProxies"",""executionTimeMs"":361,""tenantId"":""apipt-glab"",""arguments"":[""apipt-glab"",""a9016d3d-adcc-4485-8a50-6f503292272a"",""a7f0d4fa-bc30-4d45-aa5d-b1b7cbf5a5a6""]}",
3bef386b-2e50-4132-a749-3c709faa480e,37d48506-5118-4dc4-bf0d-73be479e6a8f,API_UNDEPLOY,admin,2026-02-11 14:56:46,127.0.***.1,/pages/apis/detail/a9016d3d-adcc-4485-8a50-6f503292272a,API 배포취소,SUCCESS,"{""result"":{""apiUuid"":""a9016d3d-adcc-4485-8a50-6f503292272a"",""apiName"":""API-A"",""apiUrl"":null,""apiStatus"":null,""proxyUuid"":""a7f0d4fa-bc30-4d45-aa5d-b1b7cbf5a5a6"",""proxyName"":null,""deployStatus"":""UNDEPLOYED"",""lastTimeDeployed"":1770789406071},""method"":""deleteApiWithProxies"",""executionTimeMs"":207,""tenantId"":""apipt-glab"",""arguments"":[""apipt-glab"",""a9016d3d-adcc-4485-8a50-6f503292272a"",""a7f0d4fa-bc30-4d45-aa5d-b1b7cbf5a5a6""]}",
3b05a728-28e5-473a-a7df-ae3130682987,6dcae87d-0978-43da-8f2c-224f781220c4,API_UNDEPLOY,admin,2026-02-11 14:56:45,127.0.***.1,/pages/apis/detail/a9016d3d-adcc-4485-8a50-6f503292272a,API 배포취소,SUCCESS,"{""result"":{""apiUuid"":""a9016d3d-adcc-4485-8a50-6f503292272a"",""apiName"":""API-A"",""apiUrl"":null,""apiStatus"":null,""proxyUuid"":""6794ab9d-0996-4ca7-8e0f-9350d4841351"",""proxyName"":null,""deployStatus"":""UNDEPLOYED"",""lastTimeDeployed"":1770789404816},""method"":""deleteApiWithProxies"",""executionTimeMs"":220,""tenantId"":""apipt-glab"",""arguments"":[""apipt-glab"",""a9016d3d-adcc-4485-8a50-6f503292272a"",""6794ab9d-0996-4ca7-8e0f-9350d4841351""]}",
82b4f828-a4f9-4475-ad74-c662647ddbad,af6b2b2c-1df5-4be4-8046-d83cefcba727,APPLICATION_UNDEPLOY,admin,2026-02-11 14:56:16,127.0.***.1,/pages/applications/detail/69cb850f-5947-4c55-a36a-31e2bc04fa7b,APP 배포취소,SUCCESS,"{""result"":{""uuid"":""2db4aeb8-2ae1-41ae-8d33-3a77f047f42c"",""keyName"":""key-a"",""applicationUuid"":""69cb850f-5947-4c55-a36a-31e2bc04fa7b"",""applicationName"":""APP-A"",""keyStatus"":""ENABLED"",""apiKey"":""b75157d3-b21b-459b-a5db-36a53acefae3"",""proxyUuid"":""a7f0d4fa-bc30-4d45-aa5d-b1b7cbf5a5a6"",""deployStatus"":""UNDEPLOYED"",""lastTimeDeployed"":0},""method"":""deleteApplicationWithProxies"",""executionTimeMs"":236,""tenantId"":""apipt-glab"",""arguments"":[""apipt-glab"",""69cb850f-5947-4c55-a36a-31e2bc04fa7b"",""a7f0d4fa-bc30-4d45-aa5d-b1b7cbf5a5a6"",""2db4aeb8-2ae1-41ae-8d33-3a77f047f42c""]}",
17298936-4825-415f-bd01-dd2e54047eec,a3168768-fa0e-4f98-8275-bb05c5c5333e,APPLICATION_REDEPLOY,admin,2026-02-11 14:55:41,127.0.***.1,/pages/applications/detail/69cb850f-5947-4c55-a36a-31e2bc04fa7b,APP 재배포,SUCCESS,"{""result"":{""uuid"":""2db4aeb8-2ae1-41ae-8d33-3a77f047f42c"",""keyName"":""key-a"",""applicationUuid"":""69cb850f-5947-4c55-a36a-31e2bc04fa7b"",""applicationName"":""APP-A"",""keyStatus"":""ENABLED"",""apiKey"":""b75157d3-b21b-459b-a5db-36a53acefae3"",""proxyUuid"":""a7f0d4fa-bc30-4d45-aa5d-b1b7cbf5a5a6"",""deployStatus"":""DEPLOYED"",""lastTimeDeployed"":1770789340575},""method"":""updateApplicationApiKeyWithProxies"",""executionTimeMs"":511,""tenantId"":""apipt-glab"",""arguments"":[""apipt-glab"",""69cb850f-5947-4c55-a36a-31e2bc04fa7b"",""a7f0d4fa-bc30-4d45-aa5d-b1b7cbf5a5a6"",""2db4aeb8-2ae1-41ae-8d33-3a77f047f42c"",{""proxyUuid"":""a7f0d4fa-bc30-4d45-aa5d-b1b7cbf5a5a6""}]}",
3215d95d-e599-48bf-9cc7-a8e9cf356e3a,4bc026cd-e8d6-43eb-9802-5b4a4659b78f,APPLICATION_UNDEPLOY,admin,2026-02-11 14:55:06,127.0.***.1,/pages/applications/detail/69cb850f-5947-4c55-a36a-31e2bc04fa7b,APP 배포취소,SUCCESS,"{""result"":{""uuid"":""2db4aeb8-2ae1-41ae-8d33-3a77f047f42c"",""keyName"":""key-a"",""applicationUuid"":""69cb850f-5947-4c55-a36a-31e2bc04fa7b"",""applicationName"":""APP-A"",""keyStatus"":""ENABLED"",""apiKey"":""b75157d3-b21b-459b-a5db-36a53acefae3"",""proxyUuid"":""6794ab9d-0996-4ca7-8e0f-9350d4841351"",""deployStatus"":""UNDEPLOYED"",""lastTimeDeployed"":0},""method"":""deleteApplicationWithProxies"",""executionTimeMs"":872,""tenantId"":""apipt-glab"",""arguments"":[""apipt-glab"",""69cb850f-5947-4c55-a36a-31e2bc04fa7b"",""6794ab9d-0996-4ca7-8e0f-9350d4841351"",""2db4aeb8-2ae1-41ae-8d33-3a77f047f42c""]}",
9d077850-8d45-40bd-ac86-5aa10ba27592,892604a5-2eba-4273-bb37-3d9d8b017105,API_REDEPLOY,admin,2026-02-11 14:53:29,127.0.***.1,/pages/apis/detail/a9016d3d-adcc-4485-8a50-6f503292272a,API 재배포,SUCCESS,"{""result"":{""apiUuid"":""a9016d3d-adcc-4485-8a50-6f503292272a"",""apiName"":""API-A"",""apiUrl"":null,""apiStatus"":null,""proxyUuid"":""a7f0d4fa-bc30-4d45-aa5d-b1b7cbf5a5a6"",""proxyName"":null,""deployStatus"":""DEPLOYED"",""lastTimeDeployed"":1770789208490},""method"":""updateApiWithProxies"",""executionTimeMs"":267,""tenantId"":""apipt-glab"",""arguments"":[""apipt-glab"",""a9016d3d-adcc-4485-8a50-6f503292272a"",""a7f0d4fa-bc30-4d45-aa5d-b1b7cbf5a5a6""]}",
bcf8c4ea-c739-469e-819f-69945f5b6cc2,6a6f9aaf-58c0-448f-9975-3371135f0ed0,API_REDEPLOY,admin,2026-02-11 14:53:25,127.0.***.1,/pages/apis/detail/a9016d3d-adcc-4485-8a50-6f503292272a,API 재배포,SUCCESS,"{""result"":{""apiUuid"":""a9016d3d-adcc-4485-8a50-6f503292272a"",""apiName"":""API-A"",""apiUrl"":null,""apiStatus"":null,""proxyUuid"":""6794ab9d-0996-4ca7-8e0f-9350d4841351"",""proxyName"":null,""deployStatus"":""DEPLOYED"",""lastTimeDeployed"":1770789204605},""method"":""updateApiWithProxies"",""executionTimeMs"":223,""tenantId"":""apipt-glab"",""arguments"":[""apipt-glab"",""a9016d3d-adcc-4485-8a50-6f503292272a"",""6794ab9d-0996-4ca7-8e0f-9350d4841351""]}",
7ee9b3a7-5de6-43c9-a6bc-7a478d16e606,3e0a7026-4c34-4fa6-a5c3-39896b92e553,APPLICATION_DEPLOY,admin,2026-02-11 14:52:47,127.0.***.1,/pages/applications/detail/69cb850f-5947-4c55-a36a-31e2bc04fa7b,APP 배포,SUCCESS,"{""result"":{""uuid"":""2db4aeb8-2ae1-41ae-8d33-3a77f047f42c"",""keyName"":""key-a"",""applicationUuid"":""69cb850f-5947-4c55-a36a-31e2bc04fa7b"",""applicationName"":""APP-A"",""keyStatus"":""ENABLED"",""apiKey"":""b75157d3-b21b-459b-a5db-36a53acefae3"",""proxyUuid"":""a7f0d4fa-bc30-4d45-aa5d-b1b7cbf5a5a6"",""deployStatus"":""DEPLOYED"",""lastTimeDeployed"":1770789165601},""method"":""createApplicationApiKeyWithProxies"",""executionTimeMs"":1728,""tenantId"":""apipt-glab"",""arguments"":[""apipt-glab"",""69cb850f-5947-4c55-a36a-31e2bc04fa7b"",""a7f0d4fa-bc30-4d45-aa5d-b1b7cbf5a5a6"",""2db4aeb8-2ae1-41ae-8d33-3a77f047f42c"",{""proxyUuid"":""a7f0d4fa-bc30-4d45-aa5d-b1b7cbf5a5a6""}]}",
eb589b06-55dd-437c-b8cb-72d92d9e68b6,e464c550-9e95-489d-b141-53e020478320,APPLICATION_DEPLOY,admin,2026-02-11 14:52:30,127.0.***.1,/pages/applications/detail/69cb850f-5947-4c55-a36a-31e2bc04fa7b,APP 배포,SUCCESS,"{""result"":{""uuid"":""2db4aeb8-2ae1-41ae-8d33-3a77f047f42c"",""keyName"":""key-a"",""applicationUuid"":""69cb850f-5947-4c55-a36a-31e2bc04fa7b"",""applicationName"":""APP-A"",""keyStatus"":""ENABLED"",""apiKey"":""b75157d3-b21b-459b-a5db-36a53acefae3"",""proxyUuid"":""6794ab9d-0996-4ca7-8e0f-9350d4841351"",""deployStatus"":""DEPLOYED"",""lastTimeDeployed"":1770789134707},""method"":""createApplicationApiKeyWithProxies"",""executionTimeMs"":15384,""tenantId"":""apipt-glab"",""arguments"":[""apipt-glab"",""69cb850f-5947-4c55-a36a-31e2bc04fa7b"",""6794ab9d-0996-4ca7-8e0f-9350d4841351"",""2db4aeb8-2ae1-41ae-8d33-3a77f047f42c"",{""proxyUuid"":""6794ab9d-0996-4ca7-8e0f-9350d4841351""}]}",
c1691fe2-135d-4dce-b44e-6ff9ca3d3e1d,8636c1b5-0e44-437b-a995-71d2966b8d18,API_DEPLOY,admin,2026-02-11 14:48:06,127.0.***.1,/pages/apis/detail/a9016d3d-adcc-4485-8a50-6f503292272a,API 배포,SUCCESS,"{""result"":{""apiUuid"":""a9016d3d-adcc-4485-8a50-6f503292272a"",""apiName"":""API-A"",""apiUrl"":null,""apiStatus"":null,""proxyUuid"":""a7f0d4fa-bc30-4d45-aa5d-b1b7cbf5a5a6"",""proxyName"":null,""deployStatus"":""DEPLOYED"",""lastTimeDeployed"":1770788885920},""method"":""createApiWithProxies"",""executionTimeMs"":329,""tenantId"":""apipt-glab"",""arguments"":[""apipt-glab"",""a9016d3d-adcc-4485-8a50-6f503292272a"",""a7f0d4fa-bc30-4d45-aa5d-b1b7cbf5a5a6""]}",
44ae01d8-8b1e-45f2-8543-f35e4ee4517c,3f24e828-3e77-470a-8512-4b8e84d24cb1,API_DEPLOY,admin,2026-02-11 14:48:05,127.0.***.1,/pages/apis/detail/a9016d3d-adcc-4485-8a50-6f503292272a,API 배포,SUCCESS,"{""result"":{""apiUuid"":""a9016d3d-adcc-4485-8a50-6f503292272a"",""apiName"":""API-A"",""apiUrl"":null,""apiStatus"":null,""proxyUuid"":""6794ab9d-0996-4ca7-8e0f-9350d4841351"",""proxyName"":null,""deployStatus"":""DEPLOYED"",""lastTimeDeployed"":1770788884345},""method"":""createApiWithProxies"",""executionTimeMs"":244,""tenantId"":""apipt-glab"",""arguments"":[""apipt-glab"",""a9016d3d-adcc-4485-8a50-6f503292272a"",""6794ab9d-0996-4ca7-8e0f-9350d4841351""]}",
95fe126d-0205-4bcb-85f7-dc3a8185f96e,41546f4f-7c77-43cb-8240-6f09efed3f15,API_UNDEPLOY,admin,2026-02-11 14:46:40,127.0.***.1,/pages/apis/detail/a9016d3d-adcc-4485-8a50-6f503292272a,API 배포취소,SUCCESS,"{""result"":{""apiUuid"":""a9016d3d-adcc-4485-8a50-6f503292272a"",""apiName"":""API-A"",""apiUrl"":null,""apiStatus"":null,""proxyUuid"":""a7f0d4fa-bc30-4d45-aa5d-b1b7cbf5a5a6"",""proxyName"":null,""deployStatus"":""UNDEPLOYED"",""lastTimeDeployed"":1770788799268},""method"":""deleteApiWithProxies"",""executionTimeMs"":482,""tenantId"":""apipt-glab"",""arguments"":[""apipt-glab"",""a9016d3d-adcc-4485-8a50-6f503292272a"",""a7f0d4fa-bc30-4d45-aa5d-b1b7cbf5a5a6""]}",
be043a49-97b8-4634-a79f-a3a0374085de,6496b104-15f0-4172-aeb4-eb65e90ea2b1,API_UNDEPLOY,admin,2026-02-11 14:46:38,127.0.***.1,/pages/apis/detail/a9016d3d-adcc-4485-8a50-6f503292272a,API 배포취소,SUCCESS,"{""result"":{""apiUuid"":""a9016d3d-adcc-4485-8a50-6f503292272a"",""apiName"":""API-A"",""apiUrl"":null,""apiStatus"":null,""proxyUuid"":""6794ab9d-0996-4ca7-8e0f-9350d4841351"",""proxyName"":null,""deployStatus"":""UNDEPLOYED"",""lastTimeDeployed"":1770788797522},""method"":""deleteApiWithProxies"",""executionTimeMs"":704,""tenantId"":""apipt-glab"",""arguments"":[""apipt-glab"",""a9016d3d-adcc-4485-8a50-6f503292272a"",""6794ab9d-0996-4ca7-8e0f-9350d4841351""]}",
552e0079-682e-4c8e-a7b7-f6b9b1dfb56a,2b07dc48-e09b-49e1-b349-a6178550189e,API_DEPLOY,admin,2026-02-11 14:40:28,127.0.***.1,/pages/apis/detail/a9016d3d-adcc-4485-8a50-6f503292272a,API 배포,SUCCESS,"{""result"":{""apiUuid"":""a9016d3d-adcc-4485-8a50-6f503292272a"",""apiName"":""API-A"",""apiUrl"":null,""apiStatus"":null,""proxyUuid"":""a7f0d4fa-bc30-4d45-aa5d-b1b7cbf5a5a6"",""proxyName"":null,""deployStatus"":""DEPLOYED"",""lastTimeDeployed"":1770788427540},""method"":""createApiWithProxies"",""executionTimeMs"":348,""tenantId"":""apipt-glab"",""arguments"":[""apipt-glab"",""a9016d3d-adcc-4485-8a50-6f503292272a"",""a7f0d4fa-bc30-4d45-aa5d-b1b7cbf5a5a6""]}",
62276e5f-9386-4ae3-b79a-d4c1fefbab39,ceb3c750-a1fd-49ba-806d-52a36a1609a0,API_DEPLOY,admin,2026-02-11 14:40:26,127.0.***.1,/pages/apis/detail/a9016d3d-adcc-4485-8a50-6f503292272a,API 배포,SUCCESS,"{""result"":{""apiUuid"":""a9016d3d-adcc-4485-8a50-6f503292272a"",""apiName"":""API-A"",""apiUrl"":null,""apiStatus"":null,""proxyUuid"":""6794ab9d-0996-4ca7-8e0f-9350d4841351"",""proxyName"":null,""deployStatus"":""DEPLOYED"",""lastTimeDeployed"":1770788425071},""method"":""createApiWithProxies"",""executionTimeMs"":446,""tenantId"":""apipt-glab"",""arguments"":[""apipt-glab"",""a9016d3d-adcc-4485-8a50-6f503292272a"",""6794ab9d-0996-4ca7-8e0f-9350d4841351""]}",
94a1d797-fab6-4e8b-a545-44b8219c032e,87b6c14e-aa78-4791-b112-6a6ab73bed37,AUTHENTICATION,admin,2026-02-11 14:30:16,127.0.***.1,,로그인,SUCCESS,"{""method"":""authenticate"",""executionTimeMs"":376,""tenantId"":""apipt-glab""}",
014ecb91-9ecc-44ad-8711-d7cf6c51c2b9,abbe4986-f4b8-4d94-b70b-1db787d8fd09,AUTHENTICATION,admin,2026-02-11 14:30:02,127.0.***.1,,로그아웃,SUCCESS,"{""method"":""logout"",""executionTimeMs"":103,""tenantId"":""apipt-glab""}",
70c78fdb-63a3-41a0-8ecc-3cf24957333b,d29f0591-cdc0-4230-9aff-8217cbe87861,AUTHENTICATION,herotic,2026-02-11 14:07:30,127.0.***.1,,로그아웃,SUCCESS,"{""method"":""logout"",""executionTimeMs"":48,""tenantId"":""apipt-glab""}",
e314ae66-e2d4-4ff9-82a4-41a05b187dfb,d324e621-917a-4285-9448-2c2b3de922be,AUTHENTICATION,herotic,2026-02-11 14:07:27,127.0.***.1,,로그인,SUCCESS,"{""method"":""authenticate"",""executionTimeMs"":241,""tenantId"":""apipt-glab""}",
3a8cddb2-288d-49f2-b292-bca90ec04d61,0221ee91-0884-4e66-9408-873a68c4e29b,AUTHENTICATION,herotic,2026-02-11 14:05:47,127.0.***.1,,로그인,FAILURE,"{""method"":""authenticate"",""executionTimeMs"":593,""tenantId"":""apipt-glab""}","401 UNAUTHORIZED ""RESET_PASSWORD"""
621f7f8a-5912-418a-96fa-fd79e7ac2056,7bd6d751-8b01-43f6-8d97-106da134160c,AUTHENTICATION,admin,2026-02-11 14:03:57,127.0.***.1,,로그인,SUCCESS,"{""method"":""authenticate"",""executionTimeMs"":921,""tenantId"":""apipt-glab""}",
a97e7e61-ed03-42de-95b9-56019faf6e6a,6a745b0c-cc7d-42c1-ba50-3bde24c406e0,AUTHENTICATION,admin,2026-02-11 13:57:39,127.0.***.1,,로그아웃,SUCCESS,"{""method"":""logout"",""executionTimeMs"":39,""tenantId"":""apipt-glab""}",
8056861e-50a8-4b83-919d-6452f53362f7,99d20a68-2c8e-4790-b4b2-6e4bfdca5286,AUTHENTICATION,herotic,2026-02-11 13:39:13,127.0.***.1,,로그아웃,SUCCESS,"{""method"":""logout"",""executionTimeMs"":11,""tenantId"":""apipt-glab""}",
130d5ea4-453e-4c8a-b93d-76ec92c0bbea,28b19bbe-e199-4aa7-b5be-f2fbcdeea904,AUTHENTICATION,herotic,2026-02-11 13:39:09,127.0.***.1,,로그인,SUCCESS,"{""method"":""authenticate"",""executionTimeMs"":342,""tenantId"":""apipt-glab""}",
b837d143-4c4d-4271-b1c7-99ad8ba2624e,3eedd0a4-af07-4824-b45c-86a9663ece99,USER_MANAGEMENT,admin,2026-02-11 13:38:07,127.0.***.1,/pages/user/edit/bdf8e9b3-6f9c-4cf2-b256-3e53da888a84,유저 설정 수정,SUCCESS,"{""result"":{""headers"":{},""body"":{""uuid"":""bdf8e9b3-6f9c-4cf2-b256-3e53da888a84"",""userName"":""herotic"",""fullName"":""herotic"",""email"":""herotic@genesis.co.kr"",""role"":""CONSUMER"",""status"":null,""organizationUuid"":""054dead9-ffcc-40aa-8914-7c8ff8adb391"",""tokens"":null},""statusCode"":""OK"",""statusCodeValue"":200},""method"":""updateUser"",""executionTimeMs"":45,""tenantId"":""apipt-glab"",""arguments"":[""apipt-glab"",{""beforeData"":{""uuid"":""bdf8e9b3-6f9c-4cf2-b256-3e53da888a84"",""userName"":""herotic"",""fullName"":""herotic"",""email"":""herotic@gmail.com"",""role"":""CONSUMER"",""status"":""RESET_PASSWORD"",""organizationUuid"":""054dead9-ffcc-40aa-8914-7c8ff8adb391"",""tokens"":null},""requestData"":{""uuid"":""bdf8e9b3-6f9c-4cf2-b256-3e53da888a84"",""userName"":""herotic"",""fullName"":""herotic"",""email"":""herotic@genesis.co.kr"",""role"":""CONSUMER"",""organizationUuid"":""054dead9-ffcc-40aa-8914-7c8ff8adb391"",""status"":""RESET_PASSWORD""}}]}",
90e9e9e2-5abb-42f3-9ea5-b69e8e7b742b,addef90b-a78d-4fd8-8728-5753ee300477,AUTHENTICATION,herotic,2026-02-11 13:35:56,127.0.***.1,,로그인,FAILURE,"{""method"":""authenticate"",""executionTimeMs"":568,""tenantId"":""apipt-glab""}","401 UNAUTHORIZED ""RESET_PASSWORD"""
d8814241-ed0c-4d4a-9d54-89b9ec67d42d,a56c5184-c743-4e95-9649-cb600703f6ad,USER_MANAGEMENT,admin,2026-02-11 13:30:22,127.0.***.1,/pages/user/edit/bdf8e9b3-6f9c-4cf2-b256-3e53da888a84,유저 생성,SUCCESS,"{""result"":{""headers"":{},""body"":{""uuid"":""bdf8e9b3-6f9c-4cf2-b256-3e53da888a84"",""userName"":""herotic"",""fullName"":""herotic"",""email"":""herotic@gmail.com"",""role"":""CONSUMER"",""status"":""RESET_PASSWORD"",""organizationUuid"":""054dead9-ffcc-40aa-8914-7c8ff8adb391"",""tokens"":null},""statusCode"":""OK"",""statusCodeValue"":200},""method"":""createUser"",""executionTimeMs"":224,""tenantId"":""apipt-glab"",""arguments"":[""apipt-glab"",{""userName"":""herotic"",""password"":""583debad47fd89852f45e8d3f4a9a87a:XSVQhkzYVazH7TMUx0Nn2Q=="",""fullName"":""herotic"",""email"":""herotic@gmail.com"",""role"":""CONSUMER"",""organizationUuid"":""054dead9-ffcc-40aa-8914-7c8ff8adb391""}]}",
31e528b4-e00b-40f3-8729-5fa9cadfc9bd,4ce5688b-e4ef-425b-a610-bbe110f15d31,USER_MANAGEMENT,admin,2026-02-11 13:29:20,127.0.***.1,,유저 삭제,SUCCESS,"{""result"":{""headers"":{},""body"":{""uuid"":""82b7a5d8-0920-4e9f-b263-7cee60c4ccce"",""userName"":""oneherotic"",""fullName"":""oneherotic"",""email"":""oneherotic@gmail.com"",""role"":""CONSUMER"",""status"":""ACTIVE"",""organizationUuid"":""43fb4f0e-96c7-42c9-b07f-8e84f10c1528"",""tokens"":null},""statusCode"":""OK"",""statusCodeValue"":200},""method"":""deleteUser"",""executionTimeMs"":120,""tenantId"":""apipt-glab"",""arguments"":[""apipt-glab"",""82b7a5d8-0920-4e9f-b263-7cee60c4ccce""]}",
f86533fc-4fba-429d-8e39-72845f35e10e,78412535-c6f2-4484-9f8f-d346f130de17,AUTHENTICATION,admin,2026-02-11 12:07:20,127.0.***.1,,로그인,SUCCESS,"{""method"":""authenticate"",""executionTimeMs"":669,""tenantId"":""apipt-glab""}",
6321fc02-41c6-46d1-b48b-748465e76940,767d6201-4418-4489-88bd-a20241e48608,AUTHENTICATION,admin,2026-02-11 10:45:32,127.0.***.1,,로그아웃,SUCCESS,"{""method"":""logout"",""executionTimeMs"":210,""tenantId"":""apipt-glab""}",
8ec31597-3bd5-475a-a319-e6b05c9ace77,c286a2fc-d604-492b-af6a-b9677a29fc02,AUTHENTICATION,admin,2026-02-11 10:44:13,127.0.***.1,,로그인,SUCCESS,"{""method"":""authenticate"",""executionTimeMs"":480,""tenantId"":""apipt-glab""}",
6b4ced64-e9e3-422d-ab7c-327e6931cd5d,5fc5f4ef-0ad8-438e-b1a9-87255278ddd8,AUTHENTICATION,admin,2026-02-11 10:44:08,127.0.***.1,,로그인,FAILURE,"{""method"":""authenticate"",""executionTimeMs"":269,""tenantId"":""apipt-glab""}","400 BAD_REQUEST ""비밀번호는 최소 8자 이상이어야 합니다."""
fe7ef83d-9c89-4b7c-ae4d-ffcc9b6b3c74,c6130bdc-1e89-4820-8534-87198bfd2365,AUTHENTICATION,admin,2026-02-11 10:44:04,127.0.***.1,,로그인,FAILURE,"{""method"":""authenticate"",""executionTimeMs"":164,""tenantId"":""apipt-glab""}","400 BAD_REQUEST ""비밀번호는 최소 8자 이상이어야 합니다."""
26994d59-d58f-4f9c-afcb-277c23822022,efaa2e12-7273-4bae-aaef-e8b9bce68144,AUTHENTICATION,admin,2026-02-11 10:44:01,127.0.***.1,,로그인,FAILURE,"{""method"":""authenticate"",""executionTimeMs"":421,""tenantId"":""apipt-glab""}","401 UNAUTHORIZED ""로그인에 실패하였습니다."""
8841d7da-2254-4f35-a043-c3eae79ad684,184e3a58-46e1-449b-9392-29d95511db1a,AUTHENTICATION,admin,2026-02-10 17:52:03,127.0.***.1,,로그인,SUCCESS,"{""method"":""authenticate"",""executionTimeMs"":265,""tenantId"":""apipt-glab""}",
eb7ff1a0-4aa8-4bc0-90e7-ac6db6913b10,8a40afc9-8590-4cae-87b7-22f44eb39549,AUTHENTICATION,admin,2026-02-10 17:51:57,127.0.***.1,,로그아웃,SUCCESS,"{""method"":""logout"",""executionTimeMs"":15,""tenantId"":""apipt-glab""}",
d4077885-6ad1-4fe5-a2a1-e401121670a4,da258cee-253b-4417-8b63-7a699e4d94fb,AUTHENTICATION,admin,2026-02-10 17:51:45,127.0.***.1,,로그인,SUCCESS,"{""method"":""authenticate"",""executionTimeMs"":331,""tenantId"":""apipt-glab""}",
adce5e5c-3304-48a6-b3bb-098754661fae,e5bbbd36-ebb9-4bd8-a5a6-f81ec0114e6b,AUTHENTICATION,admin,2026-02-10 17:51:38,127.0.***.1,,로그아웃,SUCCESS,"{""method"":""logout"",""executionTimeMs"":70,""tenantId"":""apipt-glab""}",
8cffa2a8-c3bc-44ba-93b7-d3c35da5e4ef,4dcc1286-9ce4-4742-9273-8e683f532b5a,AUTHENTICATION,admin,2026-02-10 16:44:37,127.0.***.1,,로그인,SUCCESS,"{""method"":""authenticate"",""executionTimeMs"":491,""tenantId"":""apipt-glab""}",
bdbea6fd-cb94-4beb-a162-909490ea1462,aa87c297-1d1b-4d9b-bd39-b61a4dc91826,AUTHENTICATION,admin,2026-02-10 16:21:11,127.0.***.1,,로그아웃,SUCCESS,"{""method"":""logout"",""executionTimeMs"":31,""tenantId"":""apipt-glab""}",
c18ab7c3-f7b4-4ded-a04e-a136c8daa883,a8b0542b-c6a3-4214-96c6-36f094281854,AUTHENTICATION,oneherotic,2026-02-10 16:10:41,127.0.***.1,,로그아웃,SUCCESS,"{""method"":""logout"",""executionTimeMs"":51,""tenantId"":""apipt-glab""}",
ece147dd-5ee8-47d0-8ded-748d2ce4a97a,92936d77-941a-426b-b1fd-0a835dac1ddd,AUTHENTICATION,oneherotic,2026-02-10 16:10:38,127.0.***.1,,로그인,SUCCESS,"{""method"":""authenticate"",""executionTimeMs"":408,""tenantId"":""apipt-glab""}",
3cdcafc2-dfff-40ec-8b02-9780f30892b7,7b0b9d5c-ff0a-458e-ba6b-1befccc9f5a1,AUTHENTICATION,oneherotic,2026-02-10 16:10:28,127.0.***.1,,로그인,FAILURE,"{""method"":""authenticate"",""executionTimeMs"":425,""tenantId"":""apipt-glab""}","401 UNAUTHORIZED ""로그인에 실패하였습니다."""
11eca982-a33c-440f-90b5-73aea0521e63,d364d543-dfa4-4062-b372-3d200953ea72,USER_MANAGEMENT,admin,2026-02-10 16:01:21,127.0.***.1,/pages/user/edit/82b7a5d8-0920-4e9f-b263-7cee60c4ccce,유저 설정 수정,SUCCESS,"{""result"":{""headers"":{},""body"":{""uuid"":""82b7a5d8-0920-4e9f-b263-7cee60c4ccce"",""userName"":""oneherotic"",""fullName"":""oneherotic"",""email"":""oneherotic@gmail.com"",""role"":""CONSUMER"",""status"":null,""organizationUuid"":""43fb4f0e-96c7-42c9-b07f-8e84f10c1528"",""tokens"":null},""statusCode"":""OK"",""statusCodeValue"":200},""method"":""updateUser"",""executionTimeMs"":67,""tenantId"":""apipt-glab"",""arguments"":[""apipt-glab"",{""beforeData"":{""uuid"":""82b7a5d8-0920-4e9f-b263-7cee60c4ccce"",""userName"":""oneherotic"",""fullName"":""oneherotic"",""email"":""oneherotic@gmail.com"",""role"":""CONSUMER"",""status"":""INACTIVE"",""organizationUuid"":null,""tokens"":null},""requestData"":{""uuid"":""82b7a5d8-0920-4e9f-b263-7cee60c4ccce"",""userName"":""oneherotic"",""fullName"":""oneherotic"",""email"":""oneherotic@gmail.com"",""role"":""CONSUMER"",""organizationUuid"":""43fb4f0e-96c7-42c9-b07f-8e84f10c1528"",""status"":""INACTIVE""}}]}",
